1,Noëlla,Orchart,54 Veith Parkway,Portugal,rorchart0@huffingtonpost.com
2,Célestine,Klyner,17 Dryden Circle,Indonesia,jklyner1@tripadvisor.com
3,Eliès,Catherick,5 New Castle Alley,China,mcatherick2@yale.edu
4,Audréanne,Taffurelli,3750 Blue Bill Park Avenue,France,ftaffurelli3@hhs.gov
5,Léonie,Hallows,284 Moland Avenue,Indonesia,whallows4@wsj.com
6,Félicie,Writtle,318 Haas Circle,Ukraine,rwrittle5@digg.com
7,Dorothée,Tocque,3 Hagan Point,Armenia,jtocque6@woothemes.com
8,Pål,Dyshart,43 Autumn Leaf Plaza,China,pdyshart7@usatoday.com
9,Lén,Polleye,16340 La Follette Place,Cuba,epolleye8@businessinsider.com
10,Maëlann,Bromont,82359 Sommers Circle,Colombia,abromont9@example.com
11,Léonore,Samme,556 Arizona Terrace,China,wsammea@stumbleupon.com
12,Laurélie,Filyaev,9 Eggendart Road,China,bfilyaevb@scribd.com
13,Séverine,Heathcoat,1602 Welch Way,Brazil,jheathcoatc@wisc.edu
14,Maëlann,Wilden,737 Truax Junction,Indonesia,hwildend@mozilla.org
15,Hélèna,Brooke,1068 Sherman Crossing,Portugal,tbrookee@icio.us
16,Irène,Whittuck,9630 Clarendon Court,China,kwhittuckf@drupal.org
17,Anaëlle,Trengrouse,898 Homewood Trail,Philippines,otrengrouseg@dion.ne.jp
18,Léone,Frangello,92 Bartelt Trail,Argentina,dfrangelloh@examiner.com
19,Gérald,Dwelling,21 Brown Center,China,jdwellingi@phoca.cz
20,Miléna,Thams,85049 Forest Run Court,China,athamsj@marketwatch.com
21,Cécile,Epps,6058 Dwight Crossing,Sweden,teppsk@canalblog.com
22,Maëlann,Clavering,29120 David Road,Brazil,bclaveringl@china.com.cn
23,Loïca,Leaney,68 Holy Cross Hill,China,eleaneym@usnews.com
24,Irène,Fishley,4429 Anzinger Terrace,Cyprus,afishleyn@imageshack.us
25,Wá,Cormack,0284 Anthes Park,Cambodia,tcormacko@dedecms.com
26,Bénédicte,Touzey,859 Maryland Alley,Philippines,atouzeyp@google.ru
27,Adélaïde,Grange,6 Anniversary Trail,Mongolia,egrangeq@accuweather.com
28,Dù,Castanaga,09 Harper Pass,Philippines,lcastanagar@howstuffworks.com
29,Noémie,Simonian,99 Morningstar Place,Czech Republic,bsimonians@amazon.de
30,Magdalène,Yglesias,86431 Messerschmidt Terrace,China,gyglesiast@istockphoto.com
31,Adélie,Wyman,65 Walton Road,Indonesia,dwymanu@infoseek.co.jp
32,Véronique,Glisenan,5 Arizona Crossing,Central African Republic,eglisenanv@technorati.com
33,Cinéma,Husk,33 Golf View Lane,Russia,zhuskw@booking.com
34,Almérinda,Minihane,5 Golf Drive,Sweden,pminihanex@webeden.co.uk
35,Mahélie,Tidder,56 Delaware Trail,Nigeria,ftiddery@dyndns.org
36,Célia,Sherlaw,0149 School Plaza,China,msherlawz@tmall.com
37,Yóu,Lerven,2 Scoville Road,Lithuania,elerven10@amazon.co.uk
38,Gérald,Gossipin,084 Bultman Trail,Canada,sgossipin11@bizjournals.com
39,Zhì,Currao,5702 Superior Park,Ukraine,scurrao12@freewebs.com
40,Séverine,Oboy,96555 Dixon Plaza,Thailand,eoboy13@paypal.com
41,Mélanie,Twelftree,02960 Sachtjen Alley,China,ptwelftree14@newsvine.com
42,Océane,Snepp,33 Butternut Circle,Greece,csnepp15@sourceforge.net
43,Danièle,McEnteggart,52 Saint Paul Place,Nigeria,omcenteggart16@imdb.com
44,Pélagie,Arlow,0 Briar Crest Pass,Brazil,harlow17@netlog.com
45,Marylène,Duddy,485 Delladonna Terrace,Portugal,oduddy18@samsung.com
46,Frédérique,Harrington,48 Eliot Trail,Philippines,lharrington19@google.com.br
47,Yú,Godfrey,4346 Troy Place,Vietnam,mgodfrey1a@unicef.org
48,Agnès,Batha,93 Monterey Place,Indonesia,kbatha1b@yandex.ru
49,Göran,Tomasini,38416 Rockefeller Drive,China,ntomasini1c@soup.io
50,Thérèsa,Linton,55 Granby Street,Serbia,nlinton1d@nifty.com
51,Anaël,Drife,7 Hollow Ridge Parkway,Croatia,ldrife1e@ocn.ne.jp
52,Bérengère,Cicccitti,3 Linden Street,Sweden,ccicccitti1f@multiply.com
53,Faîtes,Sackey,4046 Di Loreto Terrace,China,nsackey1g@dropbox.com
54,Anaëlle,Tenby,0 Hagan Park,Serbia,mtenby1h@ibm.com
55,Marie-hélène,Lukasen,3224 Mcguire Hill,Peru,alukasen1i@ox.ac.uk
56,Méthode,Boddymead,4 North Road,United States,lboddymead1j@sphinn.com
57,Erwéi,Berthouloume,54 Shasta Place,Canada,jberthouloume1k@last.fm
58,Maïly,Rospars,226 Chive Lane,Bulgaria,brospars1l@studiopress.com
59,Frédérique,Itzhayek,9495 Sutherland Circle,Malaysia,bitzhayek1m@bloomberg.com
60,Céline,Scorrer,059 Schlimgen Park,Poland,lscorrer1n@ucsd.edu
61,Crééz,Broschek,33 Autumn Leaf Parkway,Indonesia,sbroschek1o@dailymail.co.uk
62,Maïly,Bourthouloume,10 Maywood Place,China,rbourthouloume1p@squidoo.com
63,Médiamass,Avramovic,69294 Bluestem Way,Vietnam,davramovic1q@1688.com
64,Vénus,Phettis,27 Iowa Way,China,bphettis1r@mapquest.com
65,Lyséa,Marzele,23160 Schiller Plaza,South Africa,jmarzele1s@blogger.com
66,Faîtes,Singyard,48 Dexter Center,Albania,ksingyard1t@tinypic.com
67,Sòng,Moules,68103 Bultman Way,China,amoules1u@unc.edu
68,Valérie,Trownson,7 Logan Drive,South Africa,strownson1v@flickr.com
69,Maï,Thickett,328 Anzinger Way,Tanzania,dthickett1w@360.cn
70,Béatrice,Livzey,12421 Farwell Avenue,China,llivzey1x@biblegateway.com
71,Lóng,Brockbank,2710 Red Cloud Lane,China,obrockbank1y@java.com
72,Adélie,Highton,764 David Way,China,ehighton1z@deliciousdays.com
73,Mélinda,Wooderson,26 Coleman Way,Philippines,swooderson20@ehow.com
74,Méng,Greenlies,2 Derek Pass,Brazil,rgreenlies21@storify.com
75,Angélique,Featherstonhalgh,65 Barby Place,China,kfeatherstonhalgh22@ehow.com
76,Céline,Skettles,59105 Derek Trail,China,cskettles23@youku.com
77,Marie-noël,Rippon,53 Debs Plaza,China,mrippon24@imgur.com
78,Aurélie,Greystoke,70 Ridgeway Crossing,Indonesia,ggreystoke25@elpais.com
79,Béatrice,Hugnin,5885 Northfield Drive,Poland,shugnin26@noaa.gov
80,Ráo,Baroch,96247 Bartelt Plaza,Philippines,kbaroch27@booking.com
81,Yè,Crame,9 Hintze Pass,Italy,mcrame28@wired.com
82,Maïlys,Corton,182 Stoughton Junction,France,scorton29@pbs.org
83,Laurène,Farady,42 Southridge Trail,China,nfarady2a@bbb.org
84,Mélanie,Bow,76 Scott Plaza,Poland,sbow2b@163.com
85,Simplifiés,Gerran,264 Monterey Junction,United States,ggerran2c@utexas.edu
86,Jú,Docherty,3 Aberg Crossing,United States,cdocherty2d@furl.net
87,Fèi,Togwell,73 Fallview Plaza,China,btogwell2e@hud.gov
88,Gösta,Sweatland,6537 Division Place,Uganda,osweatland2f@ustream.tv
89,Amélie,Moffet,983 Cascade Trail,Peru,cmoffet2g@biglobe.ne.jp
90,Erwéi,Stuchburie,09185 Fordem Alley,China,ostuchburie2h@acquirethisname.com
91,Måns,Heskey,34656 Cascade Lane,Kyrgyzstan,aheskey2i@hugedomains.com
92,Sélène,Sprott,18 Texas Drive,Finland,asprott2j@g.co
93,Véronique,Tonge,488 Del Sol Parkway,North Korea,dtonge2k@t.co
94,Joséphine,Treuge,6543 Jackson Parkway,Brazil,btreuge2l@state.tx.us
95,Thérèse,Commucci,0 Miller Road,Papua New Guinea,gcommucci2m@buzzfeed.com
96,Bénédicte,Bampforth,5 Blaine Road,Portugal,cbampforth2n@imageshack.us
97,Cinéma,Blemen,03 Bonner Terrace,Russia,eblemen2o@yolasite.com
98,Pélagie,Buttwell,12 Northwestern Trail,China,mbuttwell2p@cpanel.net
99,Loïc,Poundford,785 Anzinger Trail,Brazil,npoundford2q@w3.org
100,Cléa,Aseef,55254 Talmadge Junction,Philippines,baseef2r@walmart.com
101,Léane,Pfeiffer,76571 Vernon Hill,Russia,ypfeiffer2s@about.me
102,Kù,Ruselin,23 Nevada Trail,Ukraine,mruselin2t@harvard.edu
103,Rachèle,Stickney,8134 Maple Wood Hill,Yemen,bstickney2u@nyu.edu
104,Andrée,Sandison,622 Dovetail Street,China,ksandison2v@cnn.com
105,Rachèle,Crush,6348 Comanche Street,Ethiopia,ccrush2w@nasa.gov
106,Östen,Skocroft,06 Colorado Way,Bolivia,rskocroft2x@zdnet.com
107,Illustrée,Vanne,77 Alpine Terrace,Kiribati,wvanne2y@techcrunch.com
108,Véronique,Bernardes,20628 Old Gate Parkway,France,hbernardes2z@mayoclinic.com
109,Illustrée,Benne,0 Gina Drive,Sweden,rbenne30@indiegogo.com
110,Laïla,Wollers,062 Algoma Court,Malaysia,lwollers31@tuttocitta.it
111,Torbjörn,Bust,6 School Plaza,Philippines,cbust32@cargocollective.com
112,Maïlis,Challis,2 Clyde Gallagher Court,Indonesia,mchallis33@imdb.com
113,Mégane,Sanderson,067 Mesta Road,Indonesia,hsanderson34@latimes.com
114,Miléna,Goudie,73 Green Ridge Hill,United Kingdom,vgoudie35@constantcontact.com
115,Irène,Adelman,6942 Mosinee Hill,Argentina,dadelman36@histats.com
116,Cécilia,Crossland,0487 Tennyson Place,Indonesia,ocrossland37@ebay.com
117,Lén,Clacson,360 Mayer Drive,Ukraine,mclacson38@sitemeter.com
118,Mårten,Badcock,6 Orin Place,Armenia,kbadcock39@issuu.com
119,Pål,Varley,5 Arapahoe Place,Indonesia,avarley3a@desdev.cn
120,Publicité,Caplan,3 Hallows Road,France,lcaplan3b@fda.gov
121,Märta,Rugge,90940 Roxbury Road,Cuba,drugge3c@ox.ac.uk
122,Léone,Flanne,5 Sheridan Plaza,Ecuador,kflanne3d@wired.com
123,Jú,De Beneditti,8119 Raven Center,Russia,bdebeneditti3e@ted.com
124,Yú,Keaves,423 Spenser Alley,Portugal,akeaves3f@chicagotribune.com
125,Estève,Spilling,9675 Morrow Point,Uganda,mspilling3g@imageshack.us
126,Cloé,Goldthorpe,63986 Schlimgen Road,Israel,ngoldthorpe3h@sina.com.cn
127,Joséphine,Hessenthaler,23 Claremont Drive,Philippines,chessenthaler3i@feedburner.com
128,Eléonore,Hadwick,5 Declaration Circle,Poland,khadwick3j@pagesperso-orange.fr
129,Laurélie,Adamo,51466 Bobwhite Point,Armenia,radamo3k@weather.com
130,Åslög,Edwicker,258 Nova Alley,Costa Rica,gedwicker3l@tiny.cc
131,Réjane,Pryke,79406 Miller Pass,Nigeria,hpryke3m@berkeley.edu
132,Méghane,Seson,07420 Johnson Drive,Costa Rica,gseson3n@nytimes.com
133,Maïwenn,Broadstock,4325 Elgar Point,Poland,obroadstock3o@mozilla.org
134,Gisèle,Aitken,179 Gulseth Junction,Philippines,maitken3p@ameblo.jp
135,Cécilia,Stert,56 Londonderry Road,Bosnia and Herzegovina,astert3q@aboutads.info
136,Méthode,McFarlane,5578 Darwin Circle,Philippines,kmcfarlane3r@imageshack.us
137,Célestine,Itzhaki,71 Macpherson Way,Indonesia,zitzhaki3s@tripod.com
138,Intéressant,Rossborough,1359 Gerald Crossing,China,arossborough3t@bloglines.com
139,Françoise,Minshaw,369 Colorado Place,Kazakhstan,bminshaw3u@toplist.cz
140,Östen,Fairlamb,40936 Lighthouse Bay Park,Brazil,hfairlamb3v@uol.com.br
141,Noëlla,Cosgrave,7868 Gerald Plaza,China,lcosgrave3w@youtu.be
142,Anaïs,Vile,4 Swallow Pass,Mexico,lvile3x@ed.gov
143,Gaëlle,Python,50 Declaration Street,China,dpython3y@illinois.edu
144,Géraldine,Parfitt,95 Hoepker Way,Mozambique,tparfitt3z@oracle.com
145,Aí,Bolens,722 Green Ridge Road,Russia,rbolens40@netlog.com
146,Bérénice,Sture,32 Fulton Court,Vietnam,asture41@phoca.cz
147,Mélys,Carabet,340 Golf Center,Brazil,gcarabet42@reverbnation.com
148,Dà,Taggart,7 Manitowish Hill,Czech Republic,ttaggart43@hhs.gov
149,Ráo,Cradick,82547 Bluestem Road,Japan,mcradick44@dropbox.com
150,Gaëlle,Lyle,41 Di Loreto Point,Brazil,ilyle45@npr.org
151,Léana,Klossek,54 Menomonie Center,Poland,kklossek46@biblegateway.com
152,Björn,Skillern,23 Roxbury Plaza,Philippines,oskillern47@xinhuanet.com
